Model,Mean Score,Std Dev,Median,Min,Max,Count
Meta-Llama-3-8B,0.5275543478260869,0.3335827821695328,0.6,0.0,1.0,920
Mistral-7B-v0.1,0.44086956521739135,0.3565771024278924,0.55,0.0,1.0,920
deepseek-llm-7b-chat,0.45190760869565216,0.4978780885109351,0.0,0.0,1.5,920
aya-expanse-8b,0.7177934782608695,0.26157558253085145,0.85,0.0,1.0,920
Qwen2.5-7B-Instruct,0.8276630434782607,0.15264613948385153,0.85,0.0,1.0,920
